{
  "project_info": {
    "project_number": "525514513357",
    "firebase_url": "https://progetto-giochi-892bd.firebaseio.com",
    "project_id": "progetto-giochi-892bd",
    "storage_bucket": "progetto-giochi-892bd.appspot.com"
  },
  "client": [
    {
      "client_info": {
        "mobilesdk_app_id": "1:525514513357:android:f7c6a15a3c8a7f3e",
        "android_client_info": {
          "package_name": "com.example.progetto2"
        }
      },
      "oauth_client": [
        {
          "client_id": "525514513357-052s5ic39n9s76hjvh8cr9mki48rum2f.apps.googleusercontent.com",
          "client_type": 3
        }
      ],
      "api_key": [
        {
          "current_key": "AIzaSyDZMoV8_HdvBP4UjEnXBJQjc4d8ZZybkuU"
        }
      ],
      "services": {
        "appinvite_service": {
          "other_platform_oauth_client": [
            {
              "client_id": "525514513357-052s5ic39n9s76hjvh8cr9mki48rum2f.apps.googleusercontent.com",
              "client_type": 3
            }
          ]
        }
      }
    }
  ],
  "configuration_version": "1"
}